epoch,time,train/box_loss,train/cls_loss,train/dfl_loss,metrics/precision(B),metrics/recall(B),metrics/mAP50(B),metrics/mAP50-95(B),val/box_loss,val/cls_loss,val/dfl_loss,lr/pg0,lr/pg1,lr/pg2
1,76.3182,2.42379,7.325,0.01704,0.08158,0.06811,0.0358,0.00806,2.73896,3.95238,0.0263,0.000661458,0.000661458,0.000661458
2,127.236,2.38038,3.45621,0.01658,0.26959,0.0805,0.04634,0.01267,2.55069,14.1825,0.02127,0.00131169,0.00131169,0.00131169
3,176.619,2.41377,3.12879,0.01749,0.38413,0.12693,0.12195,0.03016,nan,nan,nan,0.00194542,0.00194542,0.00194542
4,226.062,2.30096,3.01411,0.01561,0.2212,0.30341,0.13831,0.03279,2.89323,nan,0.02827,0.00192575,0.00192575,0.00192575
5,275.218,2.17247,2.63497,0.01492,0.3774,0.31269,0.23593,0.05862,2.63346,5.20213,0.0227,0.001901,0.001901,0.001901
6,323.782,2.00194,2.41504,0.01365,0.41463,0.36533,0.26744,0.07535,nan,nan,nan,0.00187625,0.00187625,0.00187625
7,372.749,2.0363,2.16715,0.01337,0.3929,0.41486,0.29025,0.10097,2.42036,2.70193,0.02117,0.0018515,0.0018515,0.0018515
8,421.94,2.02321,1.92294,0.01408,0.36581,0.41486,0.26139,0.07735,nan,nan,nan,0.00182675,0.00182675,0.00182675
9,471.079,1.92058,1.81077,0.01333,0.53708,0.39628,0.38767,0.12727,2.46436,2.85166,0.0223,0.001802,0.001802,0.001802
10,519.751,1.87402,1.62345,0.01264,0.47093,0.31579,0.27631,0.09152,2.49711,3.29049,0.02139,0.00177725,0.00177725,0.00177725
11,568.986,1.80879,1.54223,0.01253,0.47381,0.39866,0.38096,0.14128,nan,nan,nan,0.0017525,0.0017525,0.0017525
12,618.246,1.77945,1.36265,0.01227,0.56831,0.46056,0.407,0.13545,2.54276,2.74171,0.02236,0.00172775,0.00172775,0.00172775
13,667.595,1.74146,1.378,0.01191,0.61958,0.40867,0.41791,0.16654,2.42649,nan,0.02119,0.001703,0.001703,0.001703
14,717.092,1.65936,1.22753,0.01131,0.66043,0.43653,0.47098,0.16806,2.36294,2.6733,0.0197,0.00167825,0.00167825,0.00167825
15,765.933,1.69883,1.22579,0.01188,0.64408,0.4644,0.46852,0.14214,2.51191,2.66944,0.02171,0.0016535,0.0016535,0.0016535
16,814.569,1.58396,1.06026,0.01082,0.70929,0.51366,0.53222,0.18723,2.45738,2.55125,0.02124,0.00162875,0.00162875,0.00162875
17,864.7,1.55458,1.04937,0.01047,0.64234,0.47988,0.4553,0.16087,2.51192,nan,0.02258,0.001604,0.001604,0.001604
18,914.468,1.53016,0.97234,0.01069,0.7031,0.45201,0.48434,0.16339,2.44352,2.86611,0.02101,0.00157925,0.00157925,0.00157925
19,963.212,1.51064,0.94648,0.01036,0.71667,0.45511,0.43898,0.16429,2.26872,nan,0.01841,0.0015545,0.0015545,0.0015545
20,1011.87,1.43693,0.96519,0.01001,0.67147,0.48297,0.48601,0.1668,2.46446,2.63442,0.02063,0.00152975,0.00152975,0.00152975
21,1060.41,1.41921,0.85723,0.00969,0.67909,0.40248,0.42175,0.15041,2.59991,2.7057,0.02343,0.001505,0.001505,0.001505
22,1123.52,1.40484,0.83603,0.00944,0.72724,0.47878,0.50052,0.18701,2.60206,nan,0.02348,0.00148025,0.00148025,0.00148025
23,1188.11,1.34705,0.78619,0.00903,0.58696,0.48607,0.44939,0.16079,2.56337,2.87042,0.02381,0.0014555,0.0014555,0.0014555
24,1251.96,1.42713,0.74121,0.01004,0.62216,0.41796,0.43289,0.14478,2.51289,nan,0.0227,0.00143075,0.00143075,0.00143075
25,1315.59,1.36159,0.74658,0.00967,0.82007,0.49845,0.54045,0.18622,2.47739,2.70279,0.02189,0.001406,0.001406,0.001406
26,1382.8,1.26868,0.68723,0.00873,0.80471,0.52304,0.53411,0.1915,2.46786,2.6255,0.02116,0.00138125,0.00138125,0.00138125
27,1477.1,1.24763,0.66037,0.00841,0.77655,0.45201,0.48052,0.18097,2.4407,2.81417,0.02136,0.0013565,0.0013565,0.0013565
28,1569.64,1.24025,0.63515,0.00805,0.66927,0.45201,0.46513,0.16491,2.51658,2.85667,0.02282,0.00133175,0.00133175,0.00133175
29,1661.89,1.21602,0.63757,0.00796,0.79703,0.4863,0.51146,0.18046,2.64135,2.73313,0.02368,0.001307,0.001307,0.001307
30,1751.57,1.18322,0.61917,0.00821,0.73323,0.51057,0.50991,0.18998,2.74732,2.55419,0.02476,0.00128225,0.00128225,0.00128225
31,1843.16,1.20185,0.61803,0.00784,0.714,0.50155,0.50333,0.18968,2.57251,2.85171,0.02279,0.0012575,0.0012575,0.0012575
32,1931.68,1.18939,0.59643,0.0081,0.67651,0.47368,0.46289,0.17368,2.6107,2.65543,0.02326,0.00123275,0.00123275,0.00123275
33,2023.07,1.09137,0.5384,0.00742,0.79819,0.52012,0.51284,0.2045,2.44775,2.65201,0.02117,0.001208,0.001208,0.001208
34,2113.55,1.054,0.53842,0.0068,0.79127,0.49845,0.50654,0.19575,2.4842,2.6083,0.02116,0.00118325,0.00118325,0.00118325
35,2204.02,1.05383,0.53032,0.00709,0.72876,0.53237,0.53008,0.2061,2.60382,2.53882,0.02327,0.0011585,0.0011585,0.0011585
36,2294.42,1.03493,0.49939,0.0071,0.89444,0.47221,0.52564,0.20035,2.50334,2.69582,0.02182,0.00113375,0.00113375,0.00113375
37,2384.64,1.05618,0.47827,0.00687,0.8745,0.45302,0.50241,0.18625,2.58429,2.98777,0.0232,0.001109,0.001109,0.001109
38,2475.28,0.97075,0.4304,0.00643,0.78618,0.53501,0.54595,0.2089,2.38137,2.56194,0.02021,0.00108425,0.00108425,0.00108425
39,2566.3,0.99044,0.45344,0.00654,0.86142,0.46186,0.49051,0.19388,2.32475,2.6942,0.02028,0.0010595,0.0010595,0.0010595
40,2657.81,0.97568,0.44396,0.00621,0.74328,0.51393,0.5224,0.19693,2.45865,2.68234,0.02169,0.00103475,0.00103475,0.00103475
41,2750.21,0.95503,0.47587,0.0059,0.80693,0.48607,0.5084,0.21907,2.48524,2.7818,0.02203,0.00101,0.00101,0.00101
42,2841.03,0.89466,0.42934,0.00553,0.87508,0.49536,0.52672,0.2029,2.4109,2.8351,0.02075,0.00098525,0.00098525,0.00098525
43,2933.11,0.91845,0.4349,0.00572,0.88295,0.47368,0.50473,0.20297,2.45785,2.68605,0.021,0.0009605,0.0009605,0.0009605
44,3023.47,0.88918,0.39392,0.00571,0.80956,0.50464,0.51725,0.20605,2.31564,2.96064,0.01944,0.00093575,0.00093575,0.00093575
45,3114.21,0.88958,0.4414,0.0058,0.75446,0.48517,0.50938,0.19543,2.33592,2.90762,0.01946,0.000911,0.000911,0.000911
46,3205.8,0.85178,0.37571,0.00533,0.8195,0.47368,0.49938,0.19124,2.41459,2.93855,0.02038,0.00088625,0.00088625,0.00088625
47,3296.32,0.84855,0.39088,0.00529,0.77789,0.49845,0.50542,0.19041,2.43899,3.129,0.02052,0.0008615,0.0008615,0.0008615
48,3388.48,0.8224,0.36556,0.00506,0.79228,0.49845,0.52518,0.20985,2.39836,2.85825,0.02046,0.00083675,0.00083675,0.00083675
49,3480.61,0.82219,0.36088,0.00535,0.76722,0.51393,0.53302,0.21929,2.41196,2.65261,0.02072,0.000812,0.000812,0.000812
50,3580.98,0.79819,0.35711,0.00509,0.78715,0.52666,0.54016,0.2155,2.43574,2.7385,0.02123,0.00078725,0.00078725,0.00078725
51,3684.68,0.75772,0.3368,0.00462,0.87303,0.52632,0.56284,0.22783,2.44316,2.65315,0.02108,0.0007625,0.0007625,0.0007625
52,3777.98,0.7694,0.36374,0.00497,0.86266,0.50774,0.52562,0.21189,2.50468,2.92539,0.02171,0.00073775,0.00073775,0.00073775
53,3868.93,0.74728,0.34802,0.00472,0.82839,0.50155,0.52805,0.20793,2.47509,2.71393,0.02154,0.000713,0.000713,0.000713
54,3959.42,0.76144,0.36224,0.00493,0.85177,0.49815,0.51366,0.21634,2.4666,2.6737,0.02131,0.00068825,0.00068825,0.00068825
55,4050.25,0.77163,0.34783,0.00468,0.85744,0.50774,0.54352,0.22785,2.5162,2.59722,0.02241,0.0006635,0.0006635,0.0006635
56,4141.08,0.75596,0.36927,0.00462,0.88099,0.5042,0.52034,0.21599,2.51352,2.65233,0.02216,0.00063875,0.00063875,0.00063875
57,4232.18,0.73682,0.36358,0.00451,0.83384,0.49536,0.51651,0.20675,2.53693,2.82994,0.02254,0.000614,0.000614,0.000614
58,4324.69,0.72807,0.36075,0.00438,0.80686,0.50464,0.52151,0.20904,2.53507,2.75896,0.02234,0.00058925,0.00058925,0.00058925
59,4414.78,0.69484,0.31637,0.00447,0.89241,0.49226,0.53122,0.21134,2.57523,2.71528,0.02326,0.0005645,0.0005645,0.0005645
60,4505.82,0.70241,0.32296,0.00446,0.87281,0.49536,0.52076,0.21188,2.45054,2.78575,0.02186,0.00053975,0.00053975,0.00053975
61,4600.93,0.6884,0.33333,0.00431,0.86337,0.50155,0.53932,0.20811,2.49677,2.67049,0.02206,0.000515,0.000515,0.000515
62,4691.18,0.69376,0.31833,0.00464,0.87063,0.51084,0.53855,0.22001,2.46422,2.64235,0.02187,0.00049025,0.00049025,0.00049025
63,4803.37,0.65303,0.31076,0.00406,0.83061,0.50097,0.53222,0.2111,2.55489,2.63674,0.02325,0.0004655,0.0004655,0.0004655
64,4929.34,0.63519,0.30491,0.00396,0.86067,0.47988,0.51725,0.21029,2.47937,2.65687,0.02192,0.00044075,0.00044075,0.00044075
65,5044.31,0.63587,0.29136,0.00395,0.8711,0.50464,0.52951,0.20738,2.52159,2.78183,0.02239,0.000416,0.000416,0.000416
66,5147.8,0.57088,0.23109,0.00338,0.84526,0.51393,0.52506,0.21179,2.46161,2.83315,0.02173,0.00039125,0.00039125,0.00039125
67,5237.07,0.55511,0.22624,0.00333,0.84555,0.5085,0.52988,0.20722,2.46599,2.83954,0.02185,0.0003665,0.0003665,0.0003665
68,5326.81,0.55234,0.21194,0.00343,0.8401,0.53677,0.53795,0.21373,2.42512,2.84515,0.02106,0.00034175,0.00034175,0.00034175
69,5415.8,0.53819,0.22071,0.00313,0.83697,0.52632,0.53177,0.21467,2.46161,2.78096,0.0217,0.000317,0.000317,0.000317
70,5505.38,0.52346,0.19806,0.00309,0.84884,0.52941,0.53488,0.21591,2.43583,2.84783,0.02153,0.00029225,0.00029225,0.00029225
71,5594.45,0.52363,0.20832,0.00301,0.8423,0.51262,0.53011,0.20852,2.47655,2.89694,0.0217,0.0002675,0.0002675,0.0002675
72,5684.16,0.54922,0.22054,0.00323,0.85331,0.51703,0.52519,0.21125,2.45936,2.85856,0.02167,0.00024275,0.00024275,0.00024275
73,5773.86,0.51939,0.22449,0.00309,0.84818,0.51703,0.52853,0.21409,2.46625,2.84817,0.02172,0.000218,0.000218,0.000218
74,5862.89,0.52555,0.2043,0.00302,0.83411,0.52322,0.52957,0.21414,2.43081,2.82649,0.02142,0.00019325,0.00019325,0.00019325
75,5951.51,0.50687,0.22053,0.00286,0.84816,0.5188,0.53015,0.21221,2.4412,2.75795,0.02167,0.0001685,0.0001685,0.0001685
76,6041.22,0.51851,0.21303,0.00304,0.84217,0.52322,0.53215,0.21172,2.42698,2.74832,0.02144,0.00014375,0.00014375,0.00014375
77,6131.7,0.49153,0.20064,0.00283,0.84714,0.52012,0.53256,0.21223,2.4409,2.78261,0.02179,0.000119,0.000119,0.000119
78,6221.79,0.497,0.19903,0.00292,0.8446,0.52012,0.5318,0.21165,2.43285,2.83161,0.02159,9.425e-05,9.425e-05,9.425e-05
79,6310.93,0.48827,0.18682,0.00284,0.85238,0.52012,0.53268,0.21255,2.44595,2.78988,0.02178,6.95e-05,6.95e-05,6.95e-05
80,6401.76,0.49356,0.21377,0.00283,0.86439,0.51703,0.53252,0.21228,2.43523,2.79641,0.02172,4.475e-05,4.475e-05,4.475e-05
